X1,X2,n
450,aggR11,16101
450,dfrA243,511
450,sul336,65
450,mcr28,290
450,dfrA15,6843
450,dfrA369,725
450,qnrB7,989
450,dfrA58,138
450,aph6I29,419
450,invE132,205
450,aadA57,6
450,ant2Ia1,48
450,stx23291,8
450,tetA13,74
450,chuA24,23
450,tetB43,22
450,bfpA82,193
450,stx1301,60
450,eae6271,60
450,dfrA1,17
450,ipaH921,164
450,gadph195,14
450,yjaA12,29
450,sul15,96
450,eltA73,15
450,mphA18,2
450,aac3VI23,13
450,Tsp19,2
450,trpA354,27
450,sul22,28
450,aac6I6,6
450,tetM34,2
450,mcr64,8
450,aadA1,2
450,aaiC17,1
450,qnrB35,1
450,stx11581,8
450,stx2181,2
450,uidA616,5
450,aaiC47,1
450,ipaH321,3
450,aadA21,1
450,astA13,2
450,aac3II63,1
450,eae111,1
451,aggR11,14996
451,aph6I29,556
451,dfrA15,7550
451,dfrA243,572
451,dfrA369,692
451,mcr28,272
451,tetA13,90
451,aac3VI23,19
451,qnrB7,1027
451,ipaH921,200
451,bfpA82,183
451,invE132,150
451,stx1301,44
451,dfrA58,183
451,stx11581,6
451,eae6271,34
451,tetB43,28
451,ant2Ia1,66
451,eltA73,14
451,sul15,140
451,sul336,85
451,trpA354,11
451,uidA616,12
451,stx23291,9
451,astA13,3
451,chuA24,16
451,eae111,3
451,aadA1,1
451,dfrA1,10
451,sul22,29
451,stx2181,4
451,yjaA12,19
451,Tsp19,5
451,mcr64,6
451,gadph195,16
451,aap223,1
451,aadA57,8
451,aaiC47,2
451,aaiC17,4
451,ipaH321,6
451,aac6I123,1
451,aac6I6,1
451,tetM34,1
451,eltB12,1
452,qnrB7,1070
452,aaiC47,5372
452,dfrA15,7485
452,aph6I29,585
452,sul336,98
452,mcr28,271
452,dfrA243,612
452,ant2Ia1,69
452,dfrA369,707
452,eae6271,61
452,ipaH921,212
452,dfrA58,192
452,bfpA82,180
452,sul15,98
452,tetA13,95
452,sul22,17
452,stx1301,45
452,invE132,172
452,aadA57,5
452,tetB43,25
452,aac3VI23,31
452,gadph195,20
452,dfrA1,12
452,eltA73,16
452,mcr64,6
452,stx23291,10
452,yjaA12,19
452,astA13,4
452,ipaH321,10
452,qnrS1,1
452,trpA354,27
452,chuA24,20
452,aac6I6,3
452,aggR11,2
452,mphA18,3
452,Tsp19,6
452,eae111,4
452,stx11581,6
452,uidA616,7
452,estIa94,1
452,stx2181,1
452,ermB1,1
452,tetM34,1
453,dfrA15,7229
453,aaiC47,5447
453,qnrB7,1034
453,dfrA369,768
453,aph6I29,500
453,dfrA243,585
453,ipaH921,192
453,tetA13,103
453,bfpA82,187
453,dfrA58,186
453,invE132,202
453,mcr28,339
453,tetB43,32
453,eae6271,34
453,sul336,79
453,eltA73,14
453,sul22,18
453,ant2Ia1,49
453,sul15,107
453,gadph195,11
453,chuA24,20
453,stx1301,45
453,trpA354,22
453,dfrA1,17
453,stx23291,11
453,aac3VI23,28
453,mcr64,7
453,yjaA12,23
453,stx11581,4
453,aaiC17,3
453,aadA57,7
453,aadA1,1
453,Tsp19,4
453,uidA616,7
453,aac6I6,5
453,stx2181,4
453,mphA18,2
453,aap223,1
453,astA13,1
453,eae111,1
453,aac3II63,1
453,bfpF56,1
453,ipaH321,2
453,tetM34,1
453,estIa94,1
454,dfrA15,4287
454,stx1301,22
454,aph6I29,362
454,qnrB7,486
454,ipaH921,122
454,aadA57,5
454,gadph195,168
454,invE132,70
454,tetA13,52
454,dfrA243,267
454,mcr28,45
454,bfpA82,115
454,dfrA369,120
454,yjaA12,7
454,dfrA58,128
454,eae6271,31
454,sul15,76
454,sul22,11
454,sul336,52
454,aac6I6,2
454,tetB43,12
454,stx11581,2
454,dfrA1,4
454,trpA354,14
454,stx23291,8
454,uidA616,7
454,ipaH321,3
454,aac3VI23,8
454,chuA24,15
454,ant2Ia1,26
454,aac3II63,2
454,arpA19,1
454,stx2181,3
454,eltA73,6
454,Tsp19,1
454,astA13,1
454,aaiC17,1
454,aadA1,1
454,mphA18,2
454,eae111,1
454,bfpF56,1
454,mcr64,1
455,aadA57,15
455,dfrA15,6205
455,mcr28,64
455,bfpA82,159
455,aph6I29,548
455,qnrB7,734
455,dfrA58,154
455,ipaH921,188
455,tetA13,81
455,stx1301,33
455,dfrA243,414
455,eae6271,29
455,stx23291,5
455,sul15,112
455,sul22,25
455,dfrA369,151
455,yjaA12,20
455,invE132,107
455,Tsp19,9
455,sul336,55
455,ant2Ia1,43
455,tetB43,18
455,trpA354,9
455,gadph195,188
455,ipaH321,2
455,aac6I6,4
455,eltA73,26
455,chuA24,21
455,uidA616,10
455,aac3VI23,16
455,aap223,2
455,dfrA1,2
455,mphA18,2
455,aac6I123,1
455,mcr64,3
455,aadA1,5
455,aac3II63,3
455,eae111,1
455,stx11581,1
455,stx2181,1
456,sul22,1600
456,dfrA15,6672
456,aph6I29,5098
456,ipaH921,201
456,qnrB7,747
456,sul336,66
456,dfrA369,160
456,sul15,143
456,stx1301,38
456,ant2Ia1,43
456,invE132,243
456,mcr28,41
456,yjaA12,21
456,dfrA243,354
456,dfrA58,143
456,bfpA82,127
456,eae6271,23
456,trpA354,15
456,aadA57,4
456,aac3VI23,23
456,tetA13,96
456,chuA24,15
456,stx23291,9
456,tetB43,22
456,ipaH321,3
456,estIa1515,1
456,gadph195,19
456,mphA18,5
456,stx2181,3
456,dfrA1,3
456,eltA73,16
456,aggR11,1
456,aadA1,1
456,Tsp19,6
456,stx11581,1
456,aac6I6,1
456,uidA616,8
456,bfpF56,1
456,eae111,2
456,astA13,2
457,dfrA15,9641
457,dfrA369,1000
457,chuA24,29
457,dfrA243,749
457,qnrB7,1433
457,bfpA82,254
457,mcr28,374
457,dfrA58,237
457,ant2Ia1,88
457,invE132,221
457,aadA57,10
457,aph6I29,754
457,tetB43,32
457,ipaH921,267
457,tetA13,86
457,gadph195,21
457,sul336,110
457,Tsp19,4
457,sul15,139
457,yjaA12,26
457,stx1301,58
457,dfrA1,16
457,stx23291,18
457,eae6271,75
457,stx2181,8
457,aac3VI23,26
457,aac6I6,4
457,eltA73,20
457,sul22,28
457,trpA354,30
457,aaiC47,1
457,stx11581,7
457,aggR11,2
457,uidA616,14
457,aac6I123,2
457,arpA19,1
457,ipaH321,8
457,bfpF56,1
457,mphA18,2
457,mcr64,3
457,aac3II63,2
457,aadA1,1
457,eltA4510,1
457,eae111,1
457,astA13,2
457,aadA21,1
457,aap223,1
457,tetM34,1
457,estIa94,1
458,sul22,1623
458,dfrA15,6727
458,aph6I29,4238
458,dfrA243,342
458,aadA57,5
458,qnrB7,856
458,dfrA58,153
458,sul15,121
458,ipaH921,183
458,invE132,225
458,bfpA82,152
458,stx1301,29
458,eltA73,16
458,sul336,64
458,eae6271,29
458,tetA13,104
458,mcr28,51
458,tetB43,28
458,aac3VI23,21
458,gadph195,22
458,ant2Ia1,41
458,dfrA369,173
458,aac6I6,3
458,aadA21,1
458,aap223,1
458,trpA354,19
458,yjaA12,23
458,stx11581,2
458,ipaH321,6
458,uidA616,10
458,mcr64,4
458,chuA24,17
458,stx23291,16
458,mphA18,5
458,Tsp19,3
458,aac6I123,2
458,dfrA1,4
458,astA13,2
458,qnrS1,1
458,aac3II63,1
458,aaiC17,2
458,stx2181,1
458,bfpF56,1
458,eae111,1
459,dfrA15,8857
459,dfrA369,246
459,trpA354,30
459,qnrB7,777
459,dfrA243,574
459,invE132,157
459,stx1301,51
459,bfpA82,207
459,sul22,35
459,ipaH921,263
459,dfrA58,211
459,aph6I29,732
459,tetA13,93
459,eae6271,53
459,eltA73,27
459,sul15,147
459,mcr28,143
459,gadph195,18
459,stx2181,7
459,tetB43,39
459,astA13,4
459,stx23291,13
459,ant2Ia1,59
459,yjaA12,29
459,sul336,99
459,chuA24,45
459,aadA1,4
459,aadA57,10
459,aac3VI23,21
459,mphA18,6
459,aap223,1
459,ipaH321,10
459,eae111,1
459,uidA616,15
459,mcr64,11
459,stx11581,2
459,aac6I123,2
459,aac3II63,2
459,dfrA1,3
459,aac6I6,3
459,aggR11,2
459,Tsp19,3
459,bfpF56,1
459,aaiC47,1
460,dfrA15,8273
460,dfrA58,208
460,qnrB7,768
460,dfrA243,548
460,aph6I29,759
460,dfrA369,159
460,sul336,70
460,mcr28,68
460,sul15,133
460,invE132,131
460,tetA13,115
460,ipaH921,257
460,chuA24,40
460,tetM34,2
460,stx23291,10
460,aac3VI23,35
460,eltA73,25
460,eae6271,32
460,uidA616,12
460,ant2Ia1,69
460,bfpA82,169
460,sul22,27
460,gadph195,23
460,aac6I123,2
460,aadA57,8
460,mcr64,7
460,yjaA12,41
460,stx1301,41
460,tetB43,25
460,dfrA1,2
460,ipaH321,7
460,trpA354,14
460,mphA18,2
460,aggR11,2
460,Tsp19,7
460,aadA1,2
460,aac6I6,4
460,astA13,3
460,qnrS1,1
460,aac3II63,1
460,ermB1,1
460,aaiC17,1
460,eae111,1
461,dfrA15,5320
461,aph6I29,525
461,bfpA82,122
461,ipaH921,132
461,dfrA243,246
461,qnrB7,650
461,dfrA369,171
461,gadph195,369
461,sul22,27
461,uidA616,10
461,dfrA58,95
461,trpA354,8
461,sul336,59
461,tetB43,27
461,tetA13,69
461,sul15,108
461,eae6271,26
461,invE132,72
461,ant2Ia1,27
461,mcr28,50
461,aac3VI23,22
461,Tsp19,4
461,aadA57,4
461,stx1301,27
461,aadA1,3
461,chuA24,10
461,yjaA12,13
461,stx23291,11
461,mphA18,4
461,eltA73,6
461,ipaH321,7
461,aac6I123,2
461,dfrA1,9
461,stx11581,2
461,stx2181,3
461,aap223,1
461,aac3II63,1
461,mcr64,3
461,aaiC47,1
461,qnrS1,2
462,aadA57,5
462,dfrA15,4314
462,sul15,85
462,gadph195,404
462,mcr28,34
462,qnrB7,555
462,dfrA369,130
462,tetA13,64
462,dfrA58,85
462,dfrA243,186
462,sul336,46
462,aph6I29,442
462,ipaH921,110
462,invE132,70
462,eae6271,20
462,bfpA82,77
462,stx23291,9
462,ant2Ia1,24
462,aac3VI23,15
462,yjaA12,13
462,sul22,15
462,chuA24,18
462,aatA12314,1
462,tetB43,14
462,stx1301,19
462,uidA616,4
462,eltA73,8
462,astA13,2
462,aac6I123,1
462,dfrA1,1
462,Tsp19,2
462,aac6I6,1
462,mcr64,1
462,aac3II63,1
462,trpA354,4
462,mphA18,1
462,aadA1,1
463,dfrA15,5434
463,qnrB7,596
463,dfrA243,355
463,ipaH921,160
463,bfpA82,120
463,chuA24,16
463,ipaH321,6
463,aph6I29,421
463,yjaA12,19
463,dfrA369,150
463,sul15,85
463,sul336,60
463,invE132,93
463,dfrA58,139
463,ant2Ia1,40
463,eae6271,33
463,tetA13,76
463,aac6I6,4
463,aadA57,6
463,eltA73,12
463,stx1301,26
463,mcr28,80
463,gadph195,22
463,tetB43,33
463,stx23291,11
463,trpA354,11
463,aac3VI23,11
463,sul22,11
463,eae111,2
463,qnrS1,1
463,uidA616,11
463,dfrA1,2
463,stx11581,3
463,stx2181,4
463,mphA18,1
463,aadA1,1
463,aac3II63,1
464,dfrA15,9040
464,dfrA58,236
464,dfrA243,652
464,qnrB7,958
464,mcr28,145
464,aph6I29,808
464,bfpA82,192
464,ant2Ia1,76
464,ipaH921,265
464,stx1301,54
464,eae6271,51
464,tetB43,28
464,sul15,161
464,invE132,131
464,dfrA369,216
464,tetA13,121
464,uidA616,15
464,gadph195,21
464,aaiC47,2
464,sul336,98
464,yjaA12,34
464,chuA24,32
464,aac3VI23,31
464,astA13,5
464,eltA4510,1
464,ipaH321,9
464,eltA73,16
464,stx23291,13
464,aac6I6,4
464,sul22,20
464,trpA354,21
464,dfrA1,4
464,mphA18,7
464,Tsp19,4
464,mcr64,2
464,aac3II63,2
464,aadA21,1
464,qnrS1,2
464,eae111,2
464,aadA57,7
464,stx2181,4
464,aac6I123,2
464,aggR11,3
464,tetM34,1
464,stx11581,1
464,aatA12314,1
464,eltB12,1
464,aadA1,1
465,dfrA15,6971
465,dfrA243,534
465,dfrA369,627
465,eae6271,47
465,tetA13,109
465,qnrB7,999
465,invE132,162
465,mcr28,255
465,ipaH921,188
465,aph6I29,521
465,tetB43,20
465,stx1301,34
465,yjaA12,19
465,bfpA82,189
465,mcr64,6
465,dfrA58,174
465,aac3VI23,23
465,ant2Ia1,65
465,eltA73,16
465,dfrA1,11
465,sul336,91
465,trpA354,18
465,sul15,99
465,aadA57,2
465,stx23291,13
465,gadph195,9
465,chuA24,17
465,uidA616,22
465,stx11581,6
465,Tsp19,5
465,stx2181,4
465,tetM34,2
465,aac6I123,1
465,aadA1,1
465,qnrB35,1
465,sul22,16
465,mphA18,2
465,aac6I6,4
465,aafA83,1
465,eltB12,1
465,ipaH321,5
465,estIa94,1
465,aac3II63,2
465,eae111,1
465,aggR11,1
465,aadA21,1
465,aaiC17,1
466,dfrA15,5734
466,ant2Ia1,48
466,eae6271,31
466,qnrB7,595
466,bfpA82,146
466,dfrA243,401
466,aph6I29,417
466,eltA73,18
466,invE132,88
466,tetB43,21
466,dfrA369,173
466,dfrA58,147
466,mcr28,129
466,sul22,19
466,stx1301,33
466,ipaH921,161
466,tetA13,92
466,sul336,58
466,aadA57,6
466,sul15,68
466,uidA616,11
466,chuA24,17
466,astA13,2
466,stx23291,6
466,aadA1,2
466,aac6I6,4
466,mcr64,7
466,trpA354,14
466,aac3VI23,12
466,gadph195,14
466,yjaA12,17
466,aaiC17,2
466,dfrA1,6
466,aadA21,1
466,aac3II63,1
466,ipaH321,5
466,Tsp19,4
466,mphA18,4
466,bfpF56,1
466,estIa94,1
466,stx2181,1
467,dfrA15,6765
467,aph6I29,534
467,dfrA243,420
467,qnrB7,650
467,sul15,110
467,dfrA369,214
467,aadA57,6
467,aac3VI23,24
467,ant2Ia1,58
467,tetA13,95
467,stx1301,37
467,bfpA82,191
467,chuA24,37
467,tetB43,24
467,ipaH921,216
467,dfrA58,162
467,gadph195,20
467,sul336,83
467,mcr28,127
467,invE132,97
467,eae6271,36
467,eltA73,11
467,uidA616,12
467,trpA354,20
467,stx23291,10
467,ipaH321,7
467,sul22,16
467,yjaA12,25
467,aaiC17,1
467,mcr64,6
467,stx2181,3
467,estIa94,1
467,aac6I6,4
467,astA13,3
467,tetM34,1
467,mphA18,6
467,aggR11,2
467,dfrA1,3
467,aac3II63,2
467,Tsp19,2
467,qnrS1,1
467,eltB12,1
467,aap223,1
468,dfrA15,5370
468,dfrA243,384
468,sul336,67
468,qnrB7,440
468,mcr28,89
468,dfrA58,131
468,dfrA369,115
468,aph6I29,437
468,invE132,87
468,ipaH921,136
468,stx1301,38
468,tetA13,77
468,sul15,73
468,uidA616,12
468,yjaA12,11
468,mphA18,5
468,bfpA82,111
468,ipaH321,6
468,aac3VI23,14
468,trpA354,15
468,sul22,17
468,tetB43,23
468,ant2Ia1,51
468,chuA24,21
468,eae6271,21
468,aadA1,2
468,gadph195,16
468,stx23291,9
468,aac6I6,3
468,Tsp19,6
468,aadA57,6
468,mcr64,6
468,astA13,4
468,eltA73,8
468,stx2181,1
468,aac6I123,1
468,eae111,2
468,qnrS1,2
468,dfrA1,1
469,dfrA15,4717
469,yjaA12,27
469,bfpA82,110
469,aph6I29,395
469,stx1301,30
469,eae6271,27
469,dfrA243,304
469,ant2Ia1,40
469,ipaH921,143
469,invE132,88
469,mcr28,91
469,dfrA369,123
469,tetB43,19
469,qnrB7,406
469,sul336,68
469,mcr64,7
469,dfrA58,100
469,chuA24,21
469,aac3VI23,18
469,sul15,73
469,eltA73,9
469,tetA13,72
469,ipaH321,2
469,aadA57,9
469,stx23291,5
469,gadph195,18
469,trpA354,18
469,sul22,20
469,aap223,1
469,qnrS1,1
469,astA13,3
469,aadA1,4
469,mphA18,2
469,aadA21,1
469,aggR11,1
469,uidA616,4
469,dfrA1,3
469,eae111,1
469,aac6I6,1
469,tetM34,1
469,stx11581,2
469,stx2181,1
470,aadA57,9
470,aac6I6,336
470,dfrA15,7682
470,dfrA243,956
470,qnrB7,800
470,aph6I29,1569
470,ipaH921,243
470,aac6I123,502
470,aac3II63,677
470,mcr28,147
470,dfrA369,209
470,sul15,128
470,intI125,512
470,dfrA58,200
470,tetA13,1324
470,gadph195,290
470,sul22,218
470,bfpA82,193
470,invE132,152
470,stx1301,43
470,eae6271,31
470,sul336,95
470,stx2181,6
470,stx23291,17
470,aac3VI23,34
470,yjaA12,26
470,uidA616,14
470,eltA73,17
470,trpA354,25
470,tetB43,22
470,chuA24,19
470,ant2Ia1,60
470,mcr64,6
470,ipaH321,12
470,stx11581,3
470,tetM34,2
470,Tsp19,4
470,eae111,1
470,aadA1,2
470,aggR11,2
470,astA13,2
470,mphA18,2
470,dfrA1,3
470,qnrS1,1
470,aaiC17,1
470,bfpF56,1
471,aph6I29,880
471,dfrA15,4947
471,dfrA243,591
471,dfrA369,158
471,qnrB7,508
471,aac3II63,314
471,gadph195,158
471,sul15,98
471,aac3VI23,15
471,bfpA82,118
471,aac6I6,144
471,aadA57,6
471,aac6I123,279
471,tetB43,13
471,mcr28,122
471,intI125,273
471,tetA13,860
471,sul22,154
471,trpA354,8
471,sul336,64
471,bfpF56,1
471,dfrA58,129
471,ipaH921,117
471,ipaH321,7
471,invE132,85
471,chuA24,22
471,ant2Ia1,54
471,aggR11,1
471,eae6271,30
471,yjaA12,18
471,dfrA1,1
471,stx1301,30
471,aaiC17,3
471,tetM34,1
471,mcr64,8
471,aap223,3
471,uidA616,9
471,eltA73,2
471,eltA4510,1
471,stx23291,6
471,Tsp19,2
471,stx11581,1
472,dfrA15,7636
472,aph6I29,602
472,qnrB7,859
472,invE132,161
472,dfrA243,596
472,yjaA12,22
472,uidA616,480
472,uidA160,223
472,sul22,24
472,chuA24,363
472,aaiC17,133
472,Tsp19,2
472,sul15,181
472,ipaH921,174
472,dfrA58,178
472,mcr28,226
472,stx1301,57
472,bfpA82,200
472,stx11581,4
472,ant2Ia1,55
472,aadA57,77
472,sul336,108
472,aac6I123,23
472,dfrA369,368
472,trpA354,181
472,mphA18,88
472,tetA13,93
472,qnrS1,53
472,stx23291,8
472,gadph195,17
472,eae6271,56
472,arpA19,89
472,dfrA1,7
472,mcr64,5
472,eltA73,14
472,ipaH321,5
472,aac3VI23,13
472,tetB43,20
472,bfpF56,2
472,aaiC47,1
472,astA13,1
472,aadA1,1
472,aggR11,2
472,stx2181,1
472,tetM34,1
472,aac6I6,1
473,dfrA15,563
473,aac3VI23,6
473,dfrA243,49
473,mcr28,32
473,bfpA82,12
473,sul15,16
473,aph6I29,37
473,dfrA369,71
473,ant2Ia1,6
473,sul22,1
473,qnrB7,69
473,tetA13,8
473,gadph195,2
473,invE132,18
473,ipaH921,10
473,dfrA58,20
473,eae6271,4
473,trpA354,4
473,yjaA12,6
473,sul336,8
473,aadA57,2
473,tetB43,2
473,dfrA1,2
473,chuA24,3
473,stx1301,2
473,aac6I6,1
473,aggR11,1
474,dfrA15,2649
474,gadph195,4
474,qnrB7,273
474,invE132,69
474,dfrA369,144
474,dfrA243,175
474,ipaH921,55
474,tetM34,1
474,uidA616,127
474,aaiC17,41
474,aac3VI23,10
474,mphA18,16
474,aph6I29,165
474,mcr28,98
474,tetA13,34
474,bfpA82,65
474,chuA24,123
474,dfrA58,53
474,uidA160,63
474,qnrS1,15
474,arpA19,44
474,trpA354,54
474,aadA57,21
474,aac6I123,17
474,stx1301,21
474,sul336,31
474,eae6271,14
474,sul15,54
474,tetB43,15
474,stx2181,3
474,sul22,14
474,dfrA1,5
474,ipaH321,3
474,ant2Ia1,23
474,yjaA12,3
474,eae111,1
474,eltA73,5
474,stx23291,3
474,aadA21,1
474,mcr64,4
474,aac3II63,1
474,Tsp19,2
474,aggR11,1
475,mcr28,168
475,dfrA15,3702
475,aph6I29,215
475,qnrB7,564
475,aadA57,7
475,invE132,93
475,tetB43,17
475,dfrA1,9
475,dfrA58,81
475,dfrA243,299
475,dfrA369,415
475,eae6271,29
475,sul336,54
475,uidA616,3
475,tetA13,35
475,sul15,44
475,eltA73,7
475,bfpA82,108
475,ant2Ia1,17
475,trpA354,8
475,ipaH921,80
475,gadph195,13
475,eae111,2
475,stx1301,20
475,chuA24,15
475,yjaA12,13
475,aadA1,4
475,mphA18,2
475,stx23291,6
475,aadA21,1
475,sul22,12
475,stx11581,3
475,aac6I6,3
475,tetM34,3
475,bfpF56,2
475,arpA19,1
475,stx2181,1
475,aaiC17,1
475,Tsp19,1
475,aap223,1
475,mcr64,1
475,aaiC47,1
475,qnrB35,1
475,aac3II63,1
475,aac3VI23,1
475,aac6I123,1
476,bfpA82,74
476,dfrA15,2646
476,dfrA58,54
476,aph6I29,173
476,dfrA243,193
476,mcr28,123
476,qnrB7,355
476,dfrA369,269
476,invE132,59
476,eae6271,22
476,tetA13,33
476,yjaA12,13
476,gadph195,5
476,ipaH921,65
476,sul15,15
476,sul336,23
476,sul22,7
476,tetB43,16
476,ant2Ia1,14
476,eltA73,8
476,stx1301,18
476,aac3VI23,12
476,chuA24,12
476,aadA57,2
476,mcr64,3
476,trpA354,11
476,aac3II63,1
476,dfrA1,5
476,eae111,1
476,estIa94,1
476,stx2181,1
476,stx23291,5
476,aac6I6,1
476,uidA616,2
476,aaiC47,1
476,astA13,1
476,stx11581,1
476,mphA18,2
477,dfrA15,2653
477,tetA13,34
477,ipaH921,74
477,dfrA243,187
477,tetB43,13
477,aph6I29,177
477,qnrB7,382
477,mcr28,128
477,invE132,70
477,dfrA369,272
477,sul336,43
477,bfpA82,66
477,sul15,27
477,eae6271,16
477,dfrA58,54
477,eltA73,7
477,mcr64,3
477,ipaH321,3
477,aac3VI23,10
477,uidA616,5
477,stx1301,10
477,trpA354,6
477,sul22,12
477,dfrA1,7
477,stx23291,7
477,ant2Ia1,16
477,gadph195,6
477,chuA24,5
477,stx11581,1
477,eltA4510,1
477,mphA18,2
477,aac6I6,2
477,yjaA12,5
477,tetM34,1
477,Tsp19,2
477,aadA1,2
477,aggR11,1
477,aadA57,3
478,ipaH921,61
478,dfrA15,2462
478,qnrB7,364
478,sul15,31
478,aph6I29,184
478,mcr28,106
478,tetA13,41
478,dfrA369,248
478,aac3VI23,9
478,sul22,17
478,yjaA12,9
478,dfrA243,182
478,tetB43,9
478,trpA354,8
478,bfpA82,69
478,sul336,30
478,eae6271,23
478,dfrA58,71
478,ant2Ia1,18
478,invE132,51
478,eltA73,5
478,stx1301,14
478,mphA18,1
478,Tsp19,4
478,gadph195,6
478,chuA24,10
478,mcr64,5
478,uidA616,5
478,dfrA1,1
478,stx11581,1
478,aadA57,2
478,stx23291,5
478,astA13,2
478,ipaH321,2
479,dfrA15,3134
479,qnrB7,492
479,ipaH921,66
479,aph6I29,208
479,bfpA82,85
479,invE132,91
479,sul336,50
479,dfrA369,332
479,dfrA243,213
479,eae6271,26
479,mcr28,162
479,tetA13,35
479,trpA354,8
479,sul15,39
479,dfrA58,69
479,yjaA12,5
479,aac3VI23,9
479,stx1301,24
479,ant2Ia1,20
479,stx23291,9
479,gadph195,8
479,stx11581,4
479,uidA616,10
479,Tsp19,4
479,eltA73,5
479,tetB43,12
479,sul22,12
479,bfpF56,1
479,chuA24,12
479,aadA57,6
479,mcr64,2
479,dfrA1,4
479,ipaH321,3
479,aggR11,2
479,aaiC17,2
479,arpA19,1
479,aadA1,1
479,stx2181,1
479,mphA18,1
479,astA13,1
479,aac6I6,1
479,eltA4510,1
480,dfrA15,2882
480,qnrB7,409
480,stx1301,25
480,dfrA369,291
480,stx23291,4
480,aph6I29,197
480,invE132,72
480,mcr28,118
480,ant2Ia1,22
480,bfpA82,76
480,estIa94,1
480,dfrA243,209
480,tetA13,27
480,dfrA58,66
480,sul336,39
480,sul15,27
480,ipaH921,70
480,eae6271,19
480,sul22,7
480,tetB43,13
480,chuA24,11
480,eltA73,7
480,yjaA12,12
480,dfrA1,6
480,stx2181,5
480,stx11581,2
480,gadph195,6
480,tetM34,3
480,trpA354,14
480,aadA57,3
480,aadA1,2
480,uidA616,5
480,aac3VI23,4
480,astA13,1
480,ipaH321,2
480,aaiC17,1
480,eae111,1
481,qnrB7,512
481,dfrA15,3339
481,dfrA369,354
481,ant2Ia1,32
481,aph6I29,217
481,dfrA243,279
481,bfpA82,116
481,sul15,54
481,sul336,43
481,eltA73,12
481,eae6271,23
481,invE132,91
481,mcr28,155
481,tetA13,40
481,aggR11,28
481,ipaH921,83
481,stx1301,20
481,dfrA58,67
481,aac3II63,1
481,yjaA12,15
481,mcr64,5
481,chuA24,7
481,aac6I6,3
481,gadph195,7
481,ipaH321,5
481,aac3VI23,6
481,stx23291,6
481,trpA354,9
481,stx11581,3
481,sul22,10
481,dfrA1,6
481,aac6I123,1
481,uidA616,5
481,tetB43,12
481,astA13,1
481,aadA57,4
481,Tsp19,3
481,aaiC17,1
481,aadA1,2
481,tetM34,1
481,eae111,2
482,qnrB7,907
482,dfrA15,6046
482,aph6I29,405
482,ipaH921,150
482,dfrA369,608
482,bfpA82,160
482,mcr28,253
482,tetB43,23
482,dfrA58,138
482,dfrA243,457
482,invE132,155
482,aadA57,9
482,ant2Ia1,61
482,sul336,86
482,stx11581,5
482,sul15,96
482,stx1301,32
482,eae6271,45
482,yjaA12,26
482,mcr64,6
482,tetA13,74
482,gadph195,17
482,mphA18,4
482,sul22,19
482,aac3VI23,20
482,chuA24,17
482,eltA73,7
482,uidA616,10
482,dfrA1,12
482,trpA354,17
482,stx23291,12
482,aggR11,4
482,eae111,4
482,astA13,2
482,aap223,1
482,aac6I6,2
482,stx2181,1
482,aac6I123,1
482,aaiC17,2
482,Tsp19,5
482,bfpF56,1
482,ipaH321,4
482,estIa94,1
482,arpA19,1
483,qnrB7,886
483,dfrA15,6291
483,dfrA243,444
483,invE132,205
483,aph6I29,428
483,dfrA369,596
483,bfpA82,194
483,tetA13,58
483,mcr28,276
483,sul336,83
483,sul15,68
483,eae6271,44
483,ant2Ia1,45
483,dfrA58,132
483,trpA354,22
483,stx1301,35
483,tetB43,16
483,ipaH921,155
483,aac3VI23,9
483,dfrA1,16
483,eltA73,10
483,aadA57,12
483,aaiC47,1
483,sul22,23
483,uidA616,11
483,stx2181,3
483,chuA24,20
483,yjaA12,15
483,aac6I6,4
483,gadph195,12
483,ipaH321,5
483,aafA83,1
483,eltB12,1
483,stx11581,5
483,tetM34,1
483,stx23291,7
483,mphA18,3
483,Tsp19,1
483,mcr64,4
483,aac6I123,1
483,aac3II63,1
483,aadA21,1
483,astA13,1
483,eae111,1
483,aaiC17,2
484,dfrA369,678
484,dfrA243,489
484,aadA57,8
484,dfrA15,6629
484,bfpA82,210
484,tetA13,76
484,qnrB7,989
484,dfrA58,167
484,eae6271,35
484,mcr28,271
484,invE132,163
484,sul15,96
484,ipaH921,142
484,aph6I29,510
484,mcr64,6
484,trpA354,21
484,ant2Ia1,46
484,stx1301,34
484,dfrA1,11
484,tetB43,19
484,chuA24,23
484,sul336,64
484,eltA73,21
484,yjaA12,19
484,bfpF56,1
484,aac3VI23,15
484,Tsp19,4
484,gadph195,22
484,stx23291,4
484,eae111,3
484,sul22,21
484,uidA616,14
484,stx11581,2
484,stx2181,6
484,tetM34,2
484,aac6I6,3
484,aac3II63,1
484,mphA18,1
484,aaiC17,1
484,astA13,4
484,aggR11,1
484,ipaH321,2
484,aadA1,1
484,eltA4510,1
485,dfrA15,4749
485,trpA354,17
485,qnrB7,621
485,tetA13,42
485,sul336,58
485,dfrA369,552
485,eae6271,36
485,aph6I29,289
485,dfrA243,359
485,dfrA58,102
485,mcr28,213
485,stx2181,2
485,gadph195,4
485,sul15,76
485,invE132,137
485,stx1301,33
485,ant2Ia1,28
485,ipaH921,105
485,bfpA82,135
485,uidA616,11
485,sul22,20
485,eltA73,11
485,chuA24,17
485,tetB43,18
485,yjaA12,19
485,aadA57,8
485,aac3VI23,13
485,aadA1,2
485,mcr64,5
485,dfrA1,6
485,aaiC17,1
485,tetM34,4
485,stx11581,3
485,eae111,6
485,aac6I6,2
485,astA13,2
485,ipaH321,4
485,stx23291,4
485,Tsp19,2
485,aggR11,1
485,mphA18,2
485,aac6I123,1
485,qnrS1,1
486,dfrA369,613
486,dfrA15,5011
486,aadA57,7
486,eae6271,39
486,qnrB7,744
486,dfrA243,420
486,mcr28,237
486,aph6I29,314
486,invE132,171
486,stx1301,33
486,ipaH921,128
486,aaiC17,3
486,bfpA82,187
486,tetA13,62
486,dfrA58,116
486,sul22,24
486,ant2Ia1,40
486,tetB43,20
486,yjaA12,13
486,aac3VI23,14
486,sul336,79
486,ipaH321,4
486,sul15,52
486,gadph195,16
486,mcr64,4
486,aac6I6,3
486,aap223,1
486,tetM34,1
486,stx23291,8
486,eae111,2
486,chuA24,16
486,eltA73,15
486,uidA616,5
486,estIa94,1
486,trpA354,12
486,aggR11,2
486,aac3II63,2
486,aadA1,1
486,qnrS1,1
486,dfrA1,8
486,stx2181,3
486,stx11581,4
486,mphA18,2
486,bfpF56,1
487,dfrA15,6576
487,invE132,177
487,aadA57,9
487,qnrB7,916
487,ant2Ia1,66
487,mcr28,340
487,dfrA369,677
487,aaiC17,1
487,aph6I29,463
487,sul336,90
487,dfrA243,531
487,eltA73,14
487,dfrA58,150
487,tetA13,79
487,tetB43,33
487,sul15,85
487,ipaH921,179
487,bfpA82,174
487,aac6I6,6
487,sul22,22
487,eae6271,34
487,yjaA12,18
487,stx1301,41
487,Tsp19,3
487,aac3VI23,19
487,stx11581,4
487,chuA24,29
487,trpA354,17
487,gadph195,15
487,mcr64,6
487,uidA616,9
487,ipaH321,7
487,mphA18,4
487,dfrA1,9
487,eae111,4
487,stx2181,2
487,astA13,3
487,aadA1,2
487,stx23291,2
488,qnrB7,838
488,dfrA369,586
488,aph6I29,414
488,dfrA15,6056
488,dfrA243,483
488,stx1301,35
488,mcr28,260
488,eltA73,11
488,ipaH921,126
488,ant2Ia1,34
488,yjaA12,20
488,sul336,67
488,sul15,86
488,dfrA58,142
488,gadph195,15
488,tetB43,27
488,invE132,153
488,bfpA82,164
488,sul22,24
488,tetA13,73
488,aadA57,6
488,chuA24,14
488,eae6271,36
488,trpA354,18
488,mphA18,3
488,bfpF105,2
488,Tsp19,3
488,stx2181,1
488,stx11581,2
488,tetM34,1
488,aac3VI23,21
488,aggR11,5
488,aac6I123,2
488,stx23291,5
488,mcr64,6
488,dfrA1,6
488,uidA616,8
488,eae111,1
488,ipaH321,7
488,aac6I6,3
488,aaiC47,2
488,aadA1,1
488,bfpF56,1
488,aaiC17,2
488,astA13,1
489,dfrA15,5717
489,tetA13,64
489,dfrA369,571
489,qnrB7,804
489,bfpA82,136
489,stx23291,14
489,ipaH921,131
489,sul15,69
489,dfrA1,9
489,aph6I29,373
489,dfrA243,422
489,sul336,58
489,yjaA12,22
489,eae6271,48
489,chuA24,18
489,mcr28,235
489,trpA354,20
489,dfrA58,116
489,invE132,143
489,aac3VI23,17
489,stx1301,30
489,tetM34,2
489,tetB43,24
489,aadA57,4
489,eltA73,20
489,sul22,20
489,ant2Ia1,46
489,aac3II63,1
489,aggR11,2
489,uidA616,5
489,ipaH321,3
489,aap223,1
489,Tsp19,5
489,aac6I6,2
489,eae111,3
489,gadph195,15
489,aac6I123,1
489,stx11581,5
489,mphA18,5
489,mcr64,3
489,arpA19,2
489,astA13,1
489,aafA83,1
489,bfpF56,1
489,ermB1,1
490,dfrA15,5383
490,bfpA82,152
490,dfrA243,408
490,mcr28,234
490,qnrB7,657
490,dfrA58,103
490,eltA73,13
490,aac6I6,2
490,dfrA369,551
490,tetB43,21
490,invE132,162
490,ipaH921,131
490,aph6I29,353
490,sul336,60
490,sul15,68
490,mcr64,4
490,stx1301,35
490,yjaA12,18
490,dfrA1,14
490,tetA13,58
490,ant2Ia1,37
490,stx2181,2
490,eae6271,36
490,trpA354,14
490,sul22,15
490,aadA57,5
490,gadph195,15
490,chuA24,23
490,aac3VI23,12
490,tetM34,3
490,aggR11,5
490,Tsp19,3
490,ipaH321,8
490,aac6I123,2
490,mphA18,4
490,uidA616,3
490,stx23291,4
490,stx11581,5
490,aaiC17,2
491,dfrA15,6361
491,dfrA243,449
491,invE132,158
491,aac3VI23,11
491,aph6I29,445
491,qnrB7,869
491,mcr28,265
491,dfrA369,667
491,sul22,24
491,dfrA58,146
491,bfpA82,183
491,tetB43,33
491,dfrA1,10
491,aadA1,1
491,yjaA12,22
491,tetA13,89
491,ipaH921,152
491,sul15,83
491,stx1301,40
491,uidA616,13
491,chuA24,23
491,eltA73,11
491,ant2Ia1,47
491,sul336,68
491,trpA354,12
491,eae6271,49
491,gadph195,19
491,aadA57,11
491,ipaH321,3
491,stx23291,9
491,stx11581,5
491,stx2181,4
491,astA13,3
491,aac6I6,6
491,Tsp19,3
491,mphA18,1
491,eae111,2
491,mcr64,4
491,aggR11,1
491,aadA21,1
491,aap223,2
491,aac3II63,1
492,dfrA15,7467
492,qnrB7,1062
492,aph6I29,528
492,dfrA243,541
492,dfrA369,777
492,sul15,122
492,stx23291,10
492,dfrA1,20
492,stx1301,49
492,invE132,200
492,ipaH921,187
492,mcr28,308
492,eltA73,18
492,gadph195,16
492,sul22,24
492,yjaA12,29
492,astA13,3
492,tetA13,72
492,aac3VI23,14
492,bfpA82,203
492,tetB43,28
492,dfrA58,193
492,ant2Ia1,59
492,stx11581,4
492,eae6271,50
492,sul336,94
492,uidA616,14
492,aadA57,10
492,trpA354,27
492,chuA24,27
492,ipaH321,4
492,mcr64,10
492,mphA18,2
492,stx2181,3
492,aggR11,1
492,aac3II63,2
492,aap223,1
492,aac6I6,2
492,Tsp19,2
492,eae111,1
492,bfpF105,1
492,tetM34,1
493,dfrA15,9118
493,dfrA58,207
493,invE132,269
493,dfrA369,959
493,qnrB7,1237
493,aph6I29,632
493,bfpA82,260
493,dfrA243,622
493,sul15,133
493,mcr28,406
493,sul336,108
493,sul22,26
493,tetA13,93
493,eae6271,64
493,ipaH921,210
493,gadph195,27
493,chuA24,46
493,tetB43,38
493,aadA57,12
493,aac3VI23,19
493,stx1301,65
493,ant2Ia1,71
493,yjaA12,27
493,Tsp19,9
493,eltA73,13
493,stx23291,12
493,trpA354,26
493,aadA1,3
493,uidA616,12
493,ipaH321,7
493,dfrA1,19
493,eae111,5
493,stx2181,3
493,qnrS1,1
493,mcr64,6
493,aggR11,1
493,aadA21,2
493,aac3II63,1
493,aac6I6,2
493,stx11581,3
493,astA13,4
493,bfpF56,1
493,mphA18,4
493,bfpF105,1
493,estIa94,2
493,tetM34,1
493,aaiC47,1
494,aph6I29,344
494,dfrA15,5009
494,dfrA243,342
494,ipaH921,142
494,tetA13,43
494,dfrA58,130
494,sul15,60
494,qnrB7,669
494,stx1301,30
494,mcr28,219
494,dfrA369,555
494,aadA57,4
494,eae6271,33
494,invE132,143
494,eltA73,15
494,trpA354,26
494,bfpA82,149
494,sul336,64
494,gadph195,15
494,chuA24,22
494,ant2Ia1,41
494,tetB43,16
494,sul22,13
494,dfrA1,10
494,stx23291,5
494,yjaA12,15
494,ipaH321,5
494,tetM34,1
494,mphA18,1
494,bfpF56,1
494,uidA616,8
494,astA13,4
494,eae111,3
494,aac6I6,3
494,aadA21,1
494,stx2181,1
494,aac3VI23,6
494,Tsp19,1
494,mcr64,3
494,aap223,2
494,eltA4510,2
494,aaiC47,1
494,stx11581,1
494,aac3II63,1
495,mcr28,166
495,dfrA15,4208
495,aph6I29,367
495,dfrA369,434
495,ipaH921,125
495,tetA13,66
495,dfrA243,315
495,qnrB7,572
495,bfpA82,105
495,trpA354,12
495,sul336,56
495,stx1301,37
495,sul15,62
495,gadph195,7
495,invE132,115
495,aadA1,2
495,dfrA1,10
495,tetB43,19
495,aadA57,8
495,stx2181,2
495,ant2Ia1,39
495,eae6271,27
495,dfrA58,93
495,aac3VI23,14
495,Tsp19,3
495,eltA73,9
495,stx23291,9
495,chuA24,14
495,eltB12,1
495,sul22,13
495,yjaA12,15
495,arpA19,1
495,mcr64,3
495,stx11581,5
495,aac3II63,2
495,ipaH321,3
495,tetM34,3
495,bfpF56,1
495,astA13,1
496,invE132,98
496,dfrA369,338
496,dfrA15,3696
496,qnrB7,463
496,dfrA243,307
496,aph6I29,267
496,dfrA58,87
496,mcr28,138
496,ipaH921,106
496,tetA13,41
496,eltA73,12
496,sul336,49
496,sul15,65
496,gadph195,9
496,trpA354,10
496,stx11581,3
496,tetB43,15
496,bfpA82,86
496,stx23291,7
496,ant2Ia1,27
496,eae6271,22
496,chuA24,15
496,ipaH321,3
496,yjaA12,9
496,dfrA1,8
496,sul22,15
496,stx1301,12
496,mcr64,3
496,stx2181,3
496,uidA616,7
496,aaiC47,2
496,aac6I6,1
496,aac3VI23,9
496,astA13,2
496,mphA18,2
496,tetM34,1
496,Tsp19,1
496,aadA57,3
496,aggR11,1
497,dfrA15,3801
497,dfrA58,85
497,dfrA369,363
497,ant2Ia1,20
497,sul22,14
497,bfpA82,92
497,qnrB7,485
497,sul336,46
497,dfrA243,273
497,ipaH921,97
497,aph6I29,295
497,uidA616,9
497,mcr28,136
497,stx1301,26
497,tetA13,33
497,chuA24,19
497,sul15,44
497,invE132,94
497,yjaA12,8
497,aadA1,3
497,mphA18,3
497,eltA73,14
497,tetB43,14
497,eae6271,21
497,stx23291,7
497,aac3VI23,14
497,aac6I123,1
497,Tsp19,1
497,dfrA1,8
497,aadA57,2
497,trpA354,15
497,gadph195,5
497,stx2181,1
497,aap223,1
497,aaiC17,1
497,ermB1,1
497,qnrB35,1
497,eltA4510,1
497,aac6I6,1
497,stx11581,1
497,tetM34,1
497,ipaH321,1
498,dfrA15,2037
498,dfrA58,50
498,dfrA243,183
498,qnrB7,222
498,dfrA369,234
498,aph6I29,126
498,invE132,54
498,bfpA82,66
498,eae6271,15
498,sul15,24
498,stx1301,21
498,ant2Ia1,17
498,ipaH921,32
498,sul336,32
498,mcr28,102
498,tetA13,30
498,aadA57,4
498,gadph195,4
498,sul22,10
498,stx23291,3
498,chuA24,13
498,tetB43,11
498,uidA616,4
498,ipaH321,2
498,aac3VI23,9
498,aadA1,2
498,trpA354,2
498,yjaA12,3
498,dfrA1,5
498,aac6I6,2
498,mcr64,1
498,aggR11,2
498,astA13,1
498,aadA21,1
498,eltA73,3
498,stx11581,1
499,dfrA15,2782
499,mphA18,2
499,bfpA82,69
499,qnrB7,376
499,dfrA58,71
499,invE132,56
499,dfrA243,221
499,ipaH921,52
499,sul15,38
499,dfrA369,264
499,chuA24,16
499,mcr28,103
499,aph6I29,195
499,aac3VI23,7
499,eae6271,14
499,tetA13,37
499,sul336,38
499,ant2Ia1,26
499,yjaA12,14
499,tetB43,10
499,sul22,14
499,eltA73,4
499,aac3II63,1
499,stx23291,3
499,stx1301,19
499,gadph195,5
499,mcr64,5
499,dfrA1,6
499,stx11581,1
499,astA13,2
499,trpA354,8
499,stx2181,2
499,ipaH321,3
499,eltA4510,1
499,aap223,1
499,aaiC47,1
499,eae111,1
499,aadA57,3
499,Tsp19,2
499,uidA616,2
499,aadA1,1
500,aph6I29,324
500,dfrA15,4350
500,mcr28,176
500,dfrA369,435
500,qnrB7,579
500,ipaH921,113
500,invE132,125
500,dfrA58,108
500,dfrA243,321
500,sul336,44
500,bfpA82,119
500,sul15,73
500,stx2181,6
500,yjaA12,19
500,stx1301,36
500,estIa94,1
500,stx23291,7
500,ant2Ia1,41
500,sul22,16
500,tetA13,60
500,Tsp19,5
500,trpA354,20
500,eae6271,31
500,tetB43,16
500,eltA73,9
500,dfrA1,12
500,gadph195,8
500,ipaH321,8
500,uidA616,11
500,aadA57,6
500,stx11581,4
500,eae111,5
500,mcr64,1
500,chuA24,14
500,aaiC17,2
500,aadA1,1
500,aac3VI23,6
500,mphA18,1
500,aac6I6,3
500,tetM34,1
501,aadA57,4
501,dfrA15,4789
501,dfrA58,129
501,eltA73,9
501,bfpA82,156
501,dfrA243,370
501,qnrB7,609
501,aph6I29,359
501,sul336,63
501,mcr28,208
501,chuA24,18
501,ant2Ia1,31
501,sul15,70
501,tetB43,25
501,dfrA369,480
501,tetA13,60
501,eae6271,30
501,aggR11,1
501,invE132,110
501,ipaH921,133
501,stx1301,25
501,sul22,15
501,stx11581,4
501,dfrA1,9
501,gadph195,12
501,aaiC17,2
501,yjaA12,18
501,aac3VI23,12
501,stx23291,12
501,trpA354,12
501,stx2181,2
501,aac6I6,1
501,ipaH321,5
501,uidA616,3
501,astA13,2
501,aac3II63,1
501,mphA18,2
501,mcr64,4
501,aatA22,1
501,estIa94,1
501,Tsp19,3
501,eae111,1
501,eltA4510,1
501,tetM34,3
501,aadA1,1
501,aaiC47,1
502,dfrA243,410
502,aph6I29,376
502,dfrA15,5487
502,dfrA58,125
502,ipaH921,146
502,dfrA369,573
502,qnrB7,723
502,invE132,159
502,mcr28,253
502,ant2Ia1,52
502,bfpA82,160
502,sul336,63
502,sul15,86
502,stx23291,9
502,aac6I6,5
502,sul22,16
502,aadA57,3
502,tetB43,25
502,eltA73,13
502,stx1301,31
502,trpA354,14
502,tetA13,43
502,ipaH321,4
502,chuA24,28
502,yjaA12,15
502,aac3VI23,17
502,eae6271,34
502,Tsp19,4
502,uidA616,7
502,arpA19,1
502,dfrA1,6
502,stx11581,1
502,stx2181,4
502,mcr64,3
502,aadA1,2
502,gadph195,5
502,aadA21,1
502,tetM34,2
502,aaiC17,1
502,mphA18,2
502,aggR11,1
503,qnrB7,2943
503,dfrA15,30913
503,dfrA243,2097
503,aadA57,11
503,yjaA12,118
503,dfrA58,404
503,aph6I29,1155
503,invE132,1176
503,dfrA369,5367
503,ipaH921,561
503,mphA18,10
503,stx1301,241
503,gadph195,71
503,eltA73,62
503,bfpA82,934
503,sul15,295
503,mcr28,2065
503,sul22,144
503,tetA13,121
503,trpA354,99
503,eae6271,315
503,tetB43,103
503,chuA24,84
503,sul336,441
503,ant2Ia1,162
503,stx23291,51
503,dfrA1,108
503,stx2181,13
503,ipaH321,17
503,aac3VI23,23
503,uidA616,21
503,tetM34,13
503,aaiC17,6
503,Tsp19,13
503,mcr64,44
503,aac6I6,15
503,estIa94,1
503,eae111,8
503,aac6I123,8
503,ermB1,4
503,qnrS1,5
503,aadA1,8
503,stx11581,26
503,astA13,4
503,aadA21,5
503,bfpF56,2
503,aac3II63,1
503,eltB2318,2
503,estIa1515,2
503,arpA19,5
503,eltA4510,1
503,aggR11,9
503,aaiC47,5
503,qnrB35,1
503,eltB12,1
503,aafA83,1
503,intI125,1
503,bfpF105,1
503,aap223,1
504,aadA57,13
504,aph6I29,891
504,dfrA15,26527
504,dfrA243,1919
504,qnrB7,2240
504,stx23291,40
504,dfrA58,351
504,dfrA369,4658
504,bfpA82,726
504,invE132,969
504,chuA24,84
504,tetA13,96
504,stx1301,209
504,gadph195,59
504,aadA1,7
504,mcr28,1753
504,tetB43,96
504,ipaH921,554
504,stx2181,13
504,ant2Ia1,132
504,dfrA1,73
504,yjaA12,118
504,uidA616,32
504,sul15,223
504,aac3VI23,18
504,sul336,358
504,eae6271,276
504,eae111,12
504,Tsp19,13
504,stx11581,24
504,eltA73,62
504,aadA21,4
504,trpA354,68
504,sul22,117
504,mphA18,7
504,mcr64,41
504,bfpF56,1
504,tetM34,9
504,aac6I6,18
504,aaiC17,10
504,eltA4510,4
504,aggR11,16
504,ipaH321,8
504,aaiC47,9
504,aatA12314,1
504,arpA19,2
504,aap223,1
504,eltB2318,1
504,aac6I123,1
504,astA13,1
505,dfrA15,3518
505,dfrA369,355
505,ipaH921,92
505,qnrB7,447
505,aph6I29,256
505,sul15,50
505,bfpA82,107
505,dfrA243,282
505,eae6271,25
505,stx1301,16
505,invE132,98
505,sul22,11
505,ant2Ia1,29
505,aac3VI23,9
505,sul336,44
505,bfpF56,1
505,aap223,1
505,mcr28,148
505,chuA24,15
505,dfrA58,84
505,aadA21,1
505,tetB43,10
505,stx11581,3
505,tetA13,39
505,eltA73,7
505,uidA616,4
505,tetM34,2
505,astA13,2
505,trpA354,14
505,stx23291,5
505,dfrA1,8
505,mcr64,3
505,eae111,1
505,aadA57,2
505,gadph195,11
505,aggR11,1
505,yjaA12,9
505,bfpF105,1
505,aaiC17,2
505,stx2181,1
505,ipaH321,2
505,aph3386,1
505,Tsp19,1
506,dfrA15,5306
506,dfrA243,393
506,dfrA369,498
506,aph6I29,401
506,invE132,114
506,qnrB7,722
506,stx1301,38
506,ipaH921,127
506,trpA354,17
506,mcr28,213
506,stx23291,3
506,bfpA82,156
506,yjaA12,18
506,tetB43,23
506,dfrA58,104
506,eae6271,40
506,aaiC17,2
506,sul15,79
506,uidA616,9
506,tetA13,68
506,sul336,68
506,aac3VI23,17
506,sul22,16
506,aac3II63,1
506,ant2Ia1,30
506,gadph195,10
506,stx11581,5
506,aadA57,7
506,mcr64,6
506,Tsp19,4
506,eae111,3
506,eltA73,13
506,aaiC47,1
506,chuA24,11
506,dfrA1,9
506,aadA1,1
506,tetM34,1
506,astA13,3
506,eltB12,1
506,mphA18,2
506,aap223,1
506,ipaH321,3
506,intI125,1
506,arpA19,1
506,aggR11,1
506,qnrS1,1
506,aatA22,1
506,aac6I6,1
507,dfrA15,6056
507,mcr28,234
507,bfpA82,157
507,qnrB7,780
507,trpA354,21
507,tetA13,65
507,dfrA243,463
507,aph6I29,437
507,eae6271,50
507,dfrA369,538
507,aadA57,5
507,invE132,128
507,gadph195,9
507,sul15,87
507,sul336,63
507,mphA18,3
507,chuA24,27
507,dfrA58,142
507,ipaH921,152
507,tetB43,16
507,dfrA1,12
507,mcr64,6
507,eltA73,11
507,stx1301,40
507,ant2Ia1,43
507,eae111,5
507,uidA616,7
507,yjaA12,14
507,stx23291,10
507,aac3VI23,14
507,aac3II63,2
507,aaiC17,1
507,estIa94,1
507,aac6I6,4
507,sul22,13
507,Tsp19,3
507,astA13,1
507,aggR11,2
507,ipaH321,1
507,qnrS1,1
507,aadA1,1
507,stx2181,1
508,dfrA15,6770
508,aph6I29,511
508,qnrB7,889
508,invE132,187
508,dfrA369,642
508,ipaH921,185
508,aadA57,6
508,dfrA243,532
508,mcr28,318
508,mcr64,5
508,dfrA58,169
508,bfpA82,187
508,tetA13,83
508,sul336,70
508,stx1301,42
508,sul15,101
508,yjaA12,22
508,aac3VI23,16
508,sul22,17
508,trpA354,24
508,eae6271,40
508,ant2Ia1,41
508,chuA24,15
508,aap223,2
508,uidA616,17
508,gadph195,18
508,stx23291,11
508,stx11581,3
508,eltA73,12
508,tetM34,3
508,stx2181,3
508,qnrS1,1
508,ermB1,1
508,eltB12,1
508,tetB43,25
508,astA13,5
508,ipaH321,4
508,mphA18,3
508,aadA1,2
508,estIa94,1
508,Tsp19,4
508,dfrA1,11
508,aac6I6,6
508,eae111,2
508,aac6I123,1
509,dfrA243,462
509,bfpA82,169
509,dfrA15,6349
509,mcr28,276
509,qnrB7,861
509,dfrA369,616
509,dfrA58,143
509,aph6I29,427
509,invE132,174
509,ipaH921,154
509,tetA13,82
509,aadA57,8
509,aac3VI23,17
509,trpA354,17
509,stx1301,44
509,eltA73,18
509,yjaA12,19
509,tetB43,25
509,sul15,105
509,ant2Ia1,54
509,gadph195,13
509,mcr64,10
509,eae6271,37
509,chuA24,18
509,Tsp19,10
509,sul336,76
509,sul22,22
509,stx23291,10
509,uidA616,11
509,eltA4510,1
509,ipaH321,7
509,aadA1,5
509,aac6I6,2
509,dfrA1,7
509,astA13,4
509,tetM34,2
509,stx2181,2
509,stx11581,4
509,qnrS1,1
509,aac3II63,1
509,aafA83,1
509,aggR11,1
509,mphA18,2
509,arpA19,1
509,aph3386,1
510,aadA57,10
510,qnrB7,2413
510,dfrA15,22074
510,ipaH921,515
510,dfrA243,1648
510,aph6I29,896
510,bfpA82,708
510,sul15,261
510,dfrA58,367
510,mcr28,1267
510,dfrA369,3070
510,yjaA12,102
510,sul336,326
510,stx23291,40
510,stx1301,199
510,invE132,763
510,tetA13,102
510,chuA24,61
510,trpA354,59
510,dfrA1,58
510,eae6271,203
510,ant2Ia1,124
510,tetB43,117
510,sul22,112
510,gadph195,55
510,eltA73,57
510,Tsp19,12
510,mcr64,32
510,uidA616,33
510,mphA18,8
510,stx2181,15
510,aap223,1
510,aatA12314,1
510,astA13,6
510,stx11581,21
510,aaiC17,4
510,aac3VI23,23
510,tetM34,6
510,aadA1,4
510,eltA4510,3
510,eae111,12
510,aadA21,5
510,aaiC47,3
510,aac3II63,3
510,aac6I123,1
510,aggR11,2
510,ipaH321,4
510,aac6I6,6
510,qnrS1,1
510,bfpF105,1
510,arpA19,1
511,qnrB7,800
511,dfrA369,655
511,dfrA15,5678
511,mcr28,273
511,aph6I29,375
511,ipaH921,137
511,aadA57,6
511,bfpA82,174
511,sul15,62
511,stx1301,45
511,sul336,73
511,dfrA58,128
511,dfrA243,407
511,stx23291,10
511,gadph195,15
511,tetA13,77
511,invE132,153
511,tetB43,17
511,mcr64,5
511,trpA354,23
511,eae6271,34
511,sul22,19
511,yjaA12,22
511,eltA73,6
511,dfrA1,16
511,ant2Ia1,34
511,chuA24,15
511,aac6I6,1
511,aadA21,1
511,mphA18,7
511,stx11581,2
511,aac3VI23,12
511,uidA616,10
511,aaiC17,2
511,Tsp19,2
511,eae111,3
511,aadA1,1
511,aap223,2
511,tetM34,2
511,stx2181,1
511,astA13,1
511,ipaH321,2
511,arpA19,1
511,bfpF56,2
512,aadA57,20
512,aph6I29,1220
512,dfrA15,32434
512,bfpA82,957
512,gadph195,74
512,dfrA243,2198
512,yjaA12,120
512,ipaH921,691
512,qnrB7,3017
512,dfrA58,443
512,mcr28,2103
512,aac3VI23,31
512,chuA24,89
512,dfrA369,5253
512,sul22,155
512,ant2Ia1,173
512,stx1301,247
512,trpA354,100
512,sul336,457
512,invE132,1249
512,sul15,305
512,tetB43,139
512,eae111,16
512,tetA13,140
512,uidA616,39
512,eae6271,336
512,aac6I6,13
512,stx2181,19
512,dfrA1,111
512,ipaH321,15
512,stx23291,54
512,stx11581,24
512,eltA73,72
512,mphA18,14
512,mcr64,60
512,estIa94,5
512,ermB1,4
512,aaiC17,14
512,Tsp19,13
512,astA13,9
512,aadA1,10
512,arpA19,4
512,tetM34,13
512,bfpF56,1
512,eltB12,3
512,aaiC47,4
512,aggR11,10
512,eltB2318,1
512,aadA21,2
512,aatA12314,2
512,qnrS1,1
512,aac6I123,3
512,aac3II63,1
513,dfrA15,5612
513,dfrA369,539
513,dfrA243,423
513,qnrB7,764
513,sul15,84
513,eltA73,17
513,mcr28,235
513,aph6I29,403
513,sul22,17
513,ipaH921,136
513,dfrA58,125
513,aadA57,3
513,sul336,99
513,bfpA82,157
513,invE132,149
513,uidA616,8
513,aac3VI23,18
513,eae111,2
513,dfrA1,14
513,stx1301,29
513,tetA13,74
513,chuA24,22
513,trpA354,9
513,yjaA12,29
513,tetM34,3
513,ant2Ia1,41
513,gadph195,17
513,eae6271,44
513,tetB43,23
513,astA13,3
513,stx23291,9
513,stx11581,5
513,arpA19,2
513,Tsp19,3
513,mcr64,5
513,aggR11,2
513,aaiC47,1
513,stx2181,2
513,bfpF56,1
513,mphA18,2
513,ipaH321,1
514,dfrA369,481
514,dfrA15,4691
514,sul336,71
514,ipaH921,107
514,mcr28,193
514,aph6I29,321
514,qnrB7,577
514,bfpA82,116
514,dfrA243,341
514,invE132,133
514,eae6271,29
514,tetA13,49
514,aac3VI23,11
514,dfrA58,100
514,uidA616,4
514,trpA354,14
514,yjaA12,17
514,sul22,16
514,ant2Ia1,27
514,ipaH321,3
514,sul15,50
514,aadA1,1
514,eltB12,1
514,chuA24,16
514,gadph195,9
514,stx1301,34
514,eltA73,8
514,astA13,1
514,mphA18,3
514,aggR11,1
514,dfrA1,9
514,aaiC47,1
514,stx23291,7
514,tetM34,3
514,tetB43,13
514,aap223,1
514,aac6I6,2
514,stx11581,2
514,aadA57,5
514,mcr64,7
514,stx2181,1
514,aaiC17,2
514,Tsp19,2
514,aadA21,1
515,aph6I29,446
515,dfrA15,6602
515,dfrA369,636
515,bfpA82,183
515,mcr28,282
515,qnrB7,841
515,ipaH921,167
515,tetB43,28
515,sul336,77
515,eae6271,41
515,dfrA243,482
515,tetA13,89
515,sul15,116
515,dfrA58,148
515,invE132,162
515,chuA24,28
515,gadph195,18
515,ant2Ia1,61
515,uidA616,9
515,stx1301,45
515,aac3VI23,16
515,sul22,17
515,eltA73,11
515,ipaH321,6
515,dfrA1,10
515,stx23291,11
515,mcr64,9
515,trpA354,15
515,yjaA12,20
515,aac6I6,6
515,stx11581,5
515,stx2181,4
515,astA13,4
515,aadA57,4
515,tetM34,3
515,aggR11,1
515,estIa1515,1
515,aadA1,2
515,aaiC17,1
515,Tsp19,2
515,aac3II63,1
516,dfrA15,8730
516,aph6I29,538
516,sul336,105
516,dfrA243,646
516,aadA57,4
516,dfrA58,164
516,qnrB7,1043
516,tetA13,95
516,ipaH921,244
516,dfrA369,820
516,invE132,240
516,bfpA82,238
516,mcr28,392
516,sul15,106
516,eae6271,72
516,yjaA12,38
516,stx1301,45
516,trpA354,33
516,stx2181,4
516,ant2Ia1,72
516,uidA616,10
516,gadph195,14
516,chuA24,30
516,ermB1,1
516,tetB43,21
516,mphA18,3
516,ipaH321,8
516,eltA73,20
516,stx23291,7
516,sul22,22
516,aac3VI23,19
516,aac6I6,6
516,bfpF56,2
516,dfrA1,15
516,Tsp19,5
516,astA13,2
516,eae111,4
516,aaiC47,2
516,stx11581,6
516,aggR11,2
516,mcr64,3
516,tetM34,4
516,aadA1,3
516,aatA12314,1
516,aap223,1
516,qnrS1,1
517,bfpA82,156
517,dfrA15,4751
517,mcr28,210
517,chuA24,22
517,dfrA243,358
517,sul22,19
517,dfrA369,447
517,aph6I29,354
517,ant2Ia1,41
517,qnrB7,573
517,invE132,111
517,stx1301,35
517,dfrA58,98
517,Tsp19,2
517,sul15,64
517,ipaH921,115
517,tetA13,50
517,tetB43,24
517,ipaH321,3
517,dfrA1,11
517,sul336,70
517,eltA73,14
517,trpA354,11
517,aac3VI23,8
517,eae6271,42
517,yjaA12,14
517,mphA18,3
517,aadA57,2
517,eltB12,1
517,mcr64,2
517,aaiC17,2
517,aadA21,1
517,gadph195,12
517,astA13,2
517,aac6I6,3
517,aac6I123,1
517,stx11581,1
517,tetM34,1
517,uidA616,4
517,stx23291,2
517,stx2181,1
517,qnrS1,1
518,aph6I29,249
518,bfpA82,128
518,dfrA15,4162
518,mcr28,172
518,dfrA243,307
518,ipaH921,87
518,qnrB7,477
518,sul336,59
518,tetA13,42
518,dfrA58,75
518,dfrA369,406
518,invE132,122
518,yjaA12,16
518,aac6I6,2
518,mcr64,4
518,eltA73,11
518,dfrA1,6
518,aadA57,4
518,eae111,2
518,sul15,55
518,eae6271,32
518,tetB43,14
518,gadph195,16
518,stx2181,1
518,trpA354,14
518,ant2Ia1,23
518,aggR11,2
518,chuA24,18
518,stx1301,21
518,sul22,16
518,uidA616,9
518,stx11581,6
518,aac3VI23,12
518,stx23291,4
518,mphA18,1
518,tetM34,1
518,aadA1,1
518,ipaH321,2
518,Tsp19,1
518,aadA21,1
518,qnrB35,1
519,dfrA15,5718
519,bfpA82,168
519,dfrA369,465
519,sul22,18
519,dfrA58,134
519,dfrA243,404
519,aadA57,5
519,aph6I29,423
519,qnrB7,738
519,tetB43,9
519,sul15,90
519,ipaH921,160
519,mcr28,223
519,invE132,161
519,mphA18,3
519,aac3VI23,25
519,ant2Ia1,38
519,eltA73,10
519,aac6I6,4
519,tetA13,58
519,yjaA12,15
519,eae6271,41
519,trpA354,18
519,sul336,73
519,dfrA1,11
519,uidA616,14
519,stx23291,10
519,mcr64,7
519,chuA24,22
519,gadph195,15
519,stx1301,25
519,Tsp19,2
519,astA13,1
519,aggR11,2
519,stx11581,4
519,eltA4510,1
519,ipaH321,8
519,stx2181,3
519,ermB1,1
519,eae111,1
519,tetM34,1
519,aadA1,1
519,aaiC17,1
519,arpA19,1
519,aac6I123,1
520,ipaH921,2
520,mcr28,2
520,dfrA15,10
520,yjaA12,1
520,aggR11,2
520,dfrA369,3
520,invE132,2
520,dfrA243,3
520,qnrB7,2
520,aph6I29,1
521,eae6271,1
521,dfrA58,1
521,aggR11,2
521,dfrA15,3
521,aph6I29,1